{"cameraMode":{"drawMode":0,"name":"Shaded","section":"Shading Mode"},"sceneLighting":true,"audioPlay":false,"sceneViewState":{"showFog":true,"showMaterialUpdate":false,"showSkybox":true,"showFlares":true,"showImageEffects":true,"showParticleSystems":true,"showVisualEffectGraphs":true,"m_FxEnabled":true},"in2DMode":false,"pivot":{"x":1.4996578693389893,"y":0.7342082262039185,"z":2.3409783840179445},"rotation":{"x":-0.14944200217723847,"y":0.2768848240375519,"z":-0.043620213866233829,"w":-0.9482467174530029},"size":2.1073949337005617,"orthographic":false}