{"cameraMode":{"drawMode":0,"name":"Shaded","section":"Shading Mode"},"sceneLighting":true,"audioPlay":false,"sceneViewState":{"showFog":true,"showMaterialUpdate":false,"showSkybox":true,"showFlares":true,"showImageEffects":true,"showParticleSystems":true},"in2DMode":false,"pivot":{"x":0.4716617166996002,"y":4.23253870010376,"z":-4.832610607147217},"rotation":{"x":-0.11567331105470658,"y":0.47662442922592165,"z":-0.0634327158331871,"w":-0.8691530227661133},"size":1.5863991975784302,"orthographic":true}