{"cameraMode":{"drawMode":0,"name":"Shaded","section":"Shading Mode"},"sceneLighting":false,"audioPlay":false,"sceneViewState":{"showFog":true,"showMaterialUpdate":false,"showSkybox":false,"showFlares":true,"showImageEffects":true,"showParticleSystems":true},"in2DMode":false,"pivot":{"x":-5.328154563903809,"y":-3.261789083480835,"z":7.5506205558776859},"rotation":{"x":0.019177602604031564,"y":-0.22833557426929475,"z":-0.004462213721126318,"w":-0.9734212160110474},"size":0.2902649939060211,"orthographic":true}