{"cameraMode":{"drawMode":0,"name":"Shaded","section":"Shading Mode"},"sceneLighting":true,"audioPlay":false,"sceneViewState":{"showFog":true,"showMaterialUpdate":false,"showSkybox":true,"showFlares":true,"showImageEffects":true,"showParticleSystems":true},"in2DMode":false,"pivot":{"x":4.9502763748168949,"y":2.0200002193450929,"z":1.4246997833251954},"rotation":{"x":0.04068188741803169,"y":-0.0009063347824849188,"z":-0.00001989029988180846,"w":-0.9992350935935974},"size":4.589853286743164,"orthographic":true}