{"cameraMode":{"drawMode":0,"name":"Shaded","section":"Shading Mode"},"sceneLighting":false,"audioPlay":false,"sceneViewState":{"showFog":true,"showMaterialUpdate":false,"showSkybox":false,"showFlares":true,"showImageEffects":true,"showParticleSystems":true},"in2DMode":false,"pivot":{"x":10.815242767333985,"y":1.7723174095153809,"z":10.165054321289063},"rotation":{"x":-0.0073018926195800308,"y":-0.044393185526132587,"z":0.00034144544042646885,"w":-0.9990505576133728},"size":0.15054292976856233,"orthographic":true}