{"cameraMode":{"drawMode":0,"name":"Shaded","section":"Shading Mode"},"sceneLighting":true,"audioPlay":false,"sceneViewState":{"showFog":true,"showMaterialUpdate":false,"showSkybox":true,"showFlares":true,"showImageEffects":true,"showParticleSystems":true},"in2DMode":false,"pivot":{"x":9.445056915283204,"y":2.196415662765503,"z":2.323213577270508},"rotation":{"x":-0.0073018926195800308,"y":-0.044393185526132587,"z":0.00034144544042646885,"w":-0.9990505576133728},"size":5.703675270080566,"orthographic":true}