{"cameraMode":{"drawMode":0,"name":"Shaded","section":"Shading Mode"},"sceneLighting":false,"audioPlay":false,"sceneViewState":{"showFog":true,"showMaterialUpdate":false,"showSkybox":false,"showFlares":true,"showImageEffects":true,"showParticleSystems":true,"showVisualEffectGraphs":true,"m_FxEnabled":true},"in2DMode":false,"pivot":{"x":6.483500003814697,"y":2.992849826812744,"z":1.6663000583648682},"rotation":{"x":0.04068188741803169,"y":-0.0009063347824849188,"z":-0.00001989029988180846,"w":-0.9992350935935974},"size":1.3831987380981446,"orthographic":true}