{"cameraMode":{"drawMode":0,"name":"Shaded","section":"Shading Mode"},"sceneLighting":true,"audioPlay":false,"sceneViewState":{"showFog":true,"showMaterialUpdate":false,"showSkybox":true,"showFlares":true,"showImageEffects":true,"showParticleSystems":true,"showVisualEffectGraphs":true,"m_FxEnabled":true},"in2DMode":false,"pivot":{"x":5.143061637878418,"y":0.9852417707443237,"z":0.0007245540618896484},"rotation":{"x":-0.04815869778394699,"y":0.4595179259777069,"z":-0.025060340762138368,"w":-0.8866451382637024},"size":2.691495180130005,"orthographic":true}