{"cameraMode":{"drawMode":0,"name":"Shaded","section":"Shading Mode"},"sceneLighting":false,"audioPlay":false,"sceneViewState":{"showFog":false,"showMaterialUpdate":false,"showSkybox":false,"showFlares":false,"showImageEffects":false,"showParticleSystems":false,"showVisualEffectGraphs":true,"m_FxEnabled":true},"in2DMode":false,"pivot":{"x":-0.01112288236618042,"y":0.9030386805534363,"z":0.06464671343564987},"rotation":{"x":-0.0026084266137331726,"y":0.9972730875015259,"z":-0.04371769726276398,"w":-0.05960806459188461},"size":1.6107172966003419,"orthographic":false}