{"cameraMode":{"drawMode":0,"name":"Shaded","section":"Shading Mode"},"sceneLighting":false,"audioPlay":false,"sceneViewState":{"showFog":true,"showMaterialUpdate":false,"showSkybox":true,"showFlares":true,"showImageEffects":true,"showParticleSystems":true,"showVisualEffectGraphs":true,"m_FxEnabled":true},"in2DMode":false,"pivot":{"x":0.5957802534103394,"y":-1.9486610889434815,"z":5.027941703796387},"rotation":{"x":-0.2915337383747101,"y":-0.014151319861412049,"z":0.004138110671192408,"w":-0.9566272497177124},"size":11.829895973205567,"orthographic":false}